Name,Job,Mail,Domain Name,Phone,Company,About,Age,Address,Date
Jonathon Edwards,Ecologist,urowland@example.org,white.net,(930)332-8185x03736,Hanson-Porter,Many.,23,"82156 Zimmerman Center Suite 771
North Robert, OH 73443",1992-09-23
Bradley Brown,Medical secretary,ashley69@example.net,jackson-harris.com,445-846-9266,Robles PLC,None out.,39,"8017 Richmond Isle Apt. 508
Wadeland, WA 10490",1971-09-15
Kayla Hernandez,"Designer, ceramics/pottery",alvin82@example.org,ryan.info,676-954-2878,Alvarez Ltd,Hospital.,33,"00423 Omar Fort Suite 424
New Joshuamouth, AR 89057",2013-01-10
Jeremy Larson,"Scientist, clinical (histocompatibility and immunogenetics)",wgarcia@example.net,reeves.com,(371)550-4362x69394,"Gilbert, Williams and Wilson",Stock.,60,"PSC 9369, Box 0547
APO AE 45411",2022-04-04
Jennifer Le,"Teacher, special educational needs",daniel84@example.com,hudson-lopez.com,(297)661-7803x82362,Blair LLC,Today its.,21,"340 Winters Station Suite 177
North Jasonberg, CA 24649",1976-12-03
Taylor Madden,"Development worker, community",jhall@example.com,short.net,512.806.1543,Zuniga-Parker,Meet.,47,"96085 Brooke Camp
Conwayborough, AL 65599",1971-03-23
Donald Payne,"Therapist, horticultural",alicephillips@example.net,flores.com,+1-850-198-0078,Jones-Brown,Exist.,59,"2167 Weiss Bypass Apt. 585
Lake Kathleenmouth, MS 39868",2010-04-30
Heidi Alexander,Social worker,lunavincent@example.net,crosby-barrett.biz,(408)570-8207,"Peterson, Simmons and Frazier",Figure.,51,"6499 Phillip Locks Suite 215
Francisbury, VA 43088",1987-12-22
Joseph Vaughn,Prison officer,erikashah@example.org,moore.com,333-198-0693,"Wood, Werner and Nelson",Will draw.,34,"2428 Hart Heights Apt. 982
East Shelbyside, AS 50788",2003-08-22
Kari White,Youth worker,howardmichael@example.org,peterson-sawyer.com,(285)930-4919x3908,Vaughn Ltd,Support.,46,"39548 Cruz Summit Apt. 471
Ericaborough, CO 43093",2003-03-03
