Name,Job,Mail,Domain Name,Phone,Company,About,Age,Address
Darlene Haas,Insurance underwriter,keith48@example.org,townsend.com,+1-879-016-3946x86541,,Town.,31,
Cynthia Johnson,"Scientist, marine",nancy80@example.org,wood.com,2451706464,,Center.,53,
Gene Ross,Chief Technology Officer,mcclainvictoria@example.org,melendez-johnson.com,257.470.9026x2317,,Huge.,30,
Andrea Thomas,Chief Technology Officer,zperez@example.com,hanson.com,4502561441,,Teacher.,32,
Antonio Sellers,Sports coach,maddenmichael@example.org,bauer.com,+1-465-922-7029x7900,,Force.,21,
Christopher Lucas,"Administrator, arts",kwagner@example.org,carpenter.org,247.641.3419x283,,Against.,59,
Stephen Thornton,Pensions consultant,tscott@example.org,jackson.com,+1-637-923-3380x34461,,Main.,55,
Todd Brown,Energy engineer,klozano@example.net,todd.biz,870-287-6554,,Test.,21,
Amy Smith,"Surveyor, insurance",kathryn43@example.org,case-nelson.com,+1-097-811-2760x39815,,Require.,20,
Kathleen Fernandez,Chartered accountant,wbrooks@example.com,brown.com,323.905.9100,,Article.,22,
Melanie Mcmahon,Estate manager/land agent,jason26@example.org,smith-wong.com,628.212.1232x659,,Describe.,18,
Heather Williams,Plant breeder/geneticist,estout@example.org,ramirez.info,+1-609-255-4556,,Project.,26,
Anna Austin,Farm manager,kaylataylor@example.org,williams.org,(464)839-4471,,Special.,39,
James Moreno,Mining engineer,laura27@example.net,brown-wright.info,966-444-7142x90046,,Develop.,22,
William Diaz,Occupational therapist,vincentmeghan@example.net,cervantes.com,945.499.0753x608,,Exist son.,56,
Veronica Crosby,Psychiatrist,kylebanks@example.com,singleton.org,013-902-1721x649,,Worker.,23,
William Roberson,"Sound technician, broadcasting/film/video",daltonlogan@example.org,cowan.net,(061)759-1958,,Social.,60,
Angela Long,"Psychologist, educational",bishopjennifer@example.com,carter.com,365.364.2065,,Important.,41,
Jeffrey Pitts,Translator,jamescoffey@example.com,johnston.com,(074)118-0431x275,,Defense.,32,
Nichole Sharp,Theatre manager,travishoward@example.com,wagner-williams.com,414.334.8578,,Bit true.,49,
